"release_date","popularity","explicit","danceability","energy","key","loudness","mode","speechiness","acousticness","instrumentalness","liveness","valence","tempo","duration_ms","time_signature","listener_0","listener_1"
52,68,0,817,342,0,-11,1,92,137,214,100,473,85,286,4,1,0
45,89,1,957,591,8,-5,1,438,28,1,168,511,123,234,4,1,0
41,80,0,484,827,11,-6,0,93,110,4,56,830,166,249,4,1,0
52,85,0,622,742,5,-6,1,92,11,110,345,668,165,309,4,1,0
27,88,0,526,910,1,-5,1,109,0,0,94,741,117,302,4,1,0
53,49,0,697,679,1,-7,0,77,347,0,443,564,95,204,4,1,0
29,94,1,540,412,7,-10,1,72,10,0,122,107,92,239,4,1,0
40,62,0,406,920,9,-5,0,131,5,0,192,429,146,223,4,1,0
53,51,0,920,585,1,-10,1,179,49,194,17,704,114,139,4,1,0
52,82,1,717,684,4,-7,0,66,5,0,577,111,135,135,4,1,0
50,62,1,628,295,1,-11,1,337,759,0,100,209,148,215,4,1,0
32,89,0,433,878,11,-6,0,71,0,0,63,374,158,251,4,1,0
41,70,0,440,974,1,-5,1,370,0,2,71,476,165,173,4,1,0
52,73,0,832,298,1,-13,0,335,865,139,101,248,174,342,4,1,0
6,89,0,486,789,1,-9,1,179,50,3,448,630,159,202,4,1,0
43,89,1,832,759,9,-4,0,73,14,0,61,566,127,196,4,1,0
53,82,1,770,807,2,-4,1,293,535,0,191,601,110,163,4,1,0
48,85,0,715,898,9,-5,1,169,90,65,49,964,101,179,4,1,0
41,87,1,568,449,0,-9,1,160,143,0,117,131,191,243,4,1,0
50,79,1,760,717,8,-6,0,308,12,0,70,530,140,192,4,1,0
49,87,1,848,446,11,-11,1,77,260,88,98,374,112,299,4,1,0
48,92,0,655,649,0,-6,1,65,122,0,171,611,114,199,4,1,0
27,67,0,621,830,7,-8,1,62,40,217,769,723,114,308,4,1,0
41,55,0,732,429,5,-8,0,198,159,6,455,419,134,274,4,1,0
41,90,1,670,616,6,-8,0,77,39,0,432,442,90,238,4,1,0
41,64,0,615,599,6,-7,1,205,116,0,59,477,115,278,4,1,0
53,82,0,461,295,8,-9,1,103,904,0,136,276,170,233,3,1,0
41,71,0,668,963,9,-5,1,171,0,1,20,847,150,165,4,1,0
41,67,0,692,833,0,-4,1,132,0,0,61,779,135,193,4,1,0
52,94,0,508,390,9,-11,0,196,330,0,91,387,138,165,4,1,0
41,92,0,551,863,0,-6,1,110,3,0,80,255,140,254,4,1,0
40,65,0,477,878,11,-6,1,78,1,0,99,207,138,331,4,1,0
40,79,0,561,947,6,-4,0,69,2,0,420,800,103,174,4,1,0
27,76,0,711,645,7,-6,1,74,2,0,42,499,123,257,4,1,0
50,79,1,689,658,2,-6,1,264,28,0,353,234,163,206,4,1,0
41,63,0,675,471,6,-10,1,66,29,17,215,480,126,190,4,1,0
47,94,0,586,868,5,-5,0,77,0,6,82,588,105,214,4,1,0
41,83,0,686,823,1,-5,0,54,1,0,114,813,112,184,4,1,0
43,49,1,840,557,9,-5,0,514,567,0,100,581,92,165,4,1,0
33,70,0,748,287,7,-11,1,56,16,837,60,69,107,380,4,1,0
23,67,0,504,927,11,-9,0,130,0,579,94,439,97,312,4,1,0
51,90,0,497,919,9,-10,0,89,5,882,541,716,93,122,4,1,0
33,75,0,645,400,11,-9,0,77,18,516,129,222,77,331,4,1,0
41,61,0,434,806,11,-4,0,178,1,0,368,784,138,171,4,1,0
41,56,0,344,799,4,-7,0,74,1,50,92,272,136,276,4,1,0
41,67,1,492,730,11,-7,0,120,0,60,60,642,180,209,4,1,0
41,83,0,454,959,9,-4,1,84,1,0,0,376,173,269,4,1,0
52,92,0,362,940,9,-10,1,90,0,657,28,419,180,147,4,1,0
34,57,0,775,999,11,-6,0,266,63,956,287,266,137,220,4,1,0
30,60,0,568,966,10,-8,1,82,1,133,85,361,140,264,4,1,0
36,62,0,832,634,7,-8,1,190,1,937,25,145,132,213,4,1,0
30,39,0,664,941,5,-13,0,88,4,807,116,213,145,241,4,1,0
32,69,0,705,803,9,-6,1,95,12,911,11,312,130,336,4,1,0
42,19,0,602,997,3,-4,1,310,14,841,354,74,137,177,4,1,0
51,88,0,506,101,5,-20,0,68,960,150,94,209,137,162,3,1,0
36,76,0,605,592,5,-6,1,96,0,1,542,655,168,263,4,1,0
50,82,1,601,531,7,-4,0,56,98,0,364,306,83,271,4,1,0
51,79,1,903,636,7,-7,1,131,602,686,104,689,158,134,4,1,0
28,32,0,693,755,9,-13,1,98,12,133,122,456,147,224,4,1,0
47,74,0,693,866,5,-5,1,65,79,959,447,823,127,109,4,1,0
51,80,0,546,892,7,-5,1,86,0,362,85,244,120,322,4,1,0
30,56,0,696,999,6,-6,0,124,1,483,313,381,149,387,4,1,0
32,67,0,571,947,11,-5,1,151,3,378,239,365,142,280,4,1,0
50,86,0,829,247,5,-12,1,84,682,563,89,580,166,215,4,1,0
32,83,0,377,485,7,-9,1,50,65,0,174,333,75,264,4,1,0
42,62,0,571,952,7,-5,1,85,1,121,306,574,140,216,4,1,0
55,77,0,858,809,3,-8,0,77,1,953,103,334,121,335,4,1,0
53,83,0,888,681,1,-8,0,96,13,0,30,712,125,187,4,1,0
52,58,0,846,927,6,-4,0,87,1,900,55,471,140,112,4,1,0
41,67,0,627,850,1,-8,1,82,48,351,79,868,94,237,4,1,0
23,88,0,548,762,4,-6,1,52,41,0,130,901,136,245,4,1,0
41,56,0,632,382,0,-10,0,59,550,233,91,357,173,378,4,1,0
50,80,1,541,532,5,-9,1,483,826,0,86,530,78,272,4,1,0
50,80,1,545,523,1,-8,1,399,372,2,110,182,142,345,4,1,0
54,57,1,792,999,1,-3,1,250,73,39,197,544,93,126,4,1,0
36,83,0,535,915,4,-5,0,166,5,0,444,322,75,272,4,1,0
21,85,0,640,842,11,-6,1,84,5,0,61,773,104,163,4,1,0
30,58,0,673,997,5,-4,0,108,7,778,185,166,145,380,4,1,0
55,18,0,594,878,2,-9,1,112,11,5,351,139,137,173,4,1,0
41,65,0,358,976,2,-5,1,111,4,18,84,754,167,242,4,1,0
32,63,0,320,869,2,-7,1,97,8,830,281,667,168,288,4,1,0
48,81,1,487,200,4,-13,0,88,961,2,184,213,58,256,4,1,0
46,56,1,607,530,9,-5,1,682,296,0,307,376,94,178,4,1,0
29,58,0,652,383,1,-12,1,66,31,4,50,850,136,283,4,1,0
21,82,0,638,752,6,-5,1,53,28,0,187,796,114,216,4,1,0
49,80,0,532,398,10,-10,1,57,781,96,73,497,135,305,4,1,0
47,80,1,884,417,8,-8,1,345,477,0,144,195,120,208,4,1,0
52,44,0,344,397,10,-9,0,78,430,768,97,154,121,183,4,1,0
32,65,1,633,996,10,-4,0,318,3,649,98,270,136,343,4,1,0
30,82,0,439,363,4,-12,1,50,73,18,74,360,88,257,4,1,0
30,60,0,450,878,9,-8,0,207,22,714,699,265,149,259,3,1,0
29,55,0,720,624,2,-15,1,71,45,28,83,563,109,252,4,1,0
48,81,0,557,266,2,-10,1,55,344,0,128,123,130,394,4,1,0
50,80,1,605,367,7,-9,1,531,978,731,217,472,147,126,1,1,0
32,88,0,267,374,5,-11,1,54,59,4,103,121,76,229,4,1,0
41,54,0,785,418,9,-12,1,76,29,209,104,172,106,239,4,1,0
53,52,1,692,902,5,-8,0,184,11,371,50,489,155,120,4,1,0
41,73,0,541,321,4,-10,1,66,844,601,70,172,128,255,3,1,0
36,73,0,679,894,2,-4,1,79,1,1,72,481,128,217,4,1,0
54,50,0,706,1000,5,0,0,516,63,740,32,60,155,169,4,1,0
42,18,0,549,960,7,-5,1,86,0,724,351,721,140,194,4,1,0
32,75,0,655,584,2,-7,1,54,1,17,459,281,96,265,4,1,0
36,74,0,515,966,3,-4,1,90,0,359,151,229,95,189,4,1,0
52,52,0,627,936,0,-6,1,72,9,855,163,158,140,115,4,1,0
21,82,0,253,451,2,-10,1,53,542,0,161,464,92,113,3,1,0
52,67,1,553,742,7,-8,1,93,5,0,81,750,164,164,4,1,0
24,85,0,656,472,2,-8,1,49,10,0,136,416,104,187,3,1,0
32,80,0,673,897,9,-7,0,74,2,140,360,747,125,236,4,1,0
52,52,0,518,354,7,-9,0,53,810,81,111,39,114,208,4,1,0
30,76,0,485,204,2,-13,1,58,169,103,210,139,74,291,4,1,0
47,69,0,604,952,10,-9,1,70,1,508,539,312,140,456,4,1,0
52,77,1,778,539,8,-9,1,812,395,0,50,523,85,209,4,1,0
53,49,1,911,685,1,-7,1,498,111,0,112,385,85,203,4,1,0
28,63,0,683,943,9,-5,1,100,2,286,91,467,147,302,4,1,0
54,54,0,721,987,7,-2,1,80,0,639,386,127,100,146,4,1,0
39,62,0,464,960,1,-5,1,128,0,908,200,548,174,308,4,1,0
30,76,0,305,760,7,-7,0,167,0,12,58,369,176,235,4,1,0
36,62,0,696,669,5,-8,1,58,151,0,385,827,96,151,4,1,0
36,82,0,568,516,9,-7,1,58,3,0,374,690,106,183,4,1,0
32,75,0,368,666,9,-9,1,61,0,117,184,147,102,300,4,1,0
52,77,1,809,876,2,-4,1,626,31,0,268,313,61,136,5,1,0
50,64,1,884,528,8,-7,1,703,165,0,101,258,143,167,4,1,0
52,86,1,823,901,2,-4,1,407,262,0,170,581,140,193,4,1,0
41,58,0,798,501,0,-10,1,85,173,0,286,578,134,164,4,1,0
52,71,0,448,706,7,-4,1,63,48,0,709,341,158,195,3,1,0
30,58,0,482,681,6,-9,1,66,8,0,289,505,172,234,4,1,0
41,87,1,702,740,1,-7,1,366,342,0,105,944,87,203,4,1,0
49,75,1,823,608,8,-7,1,492,14,0,147,492,78,236,4,1,0
34,39,0,762,1000,11,-8,0,181,19,954,977,124,137,409,4,1,0
41,76,0,702,461,4,-9,0,69,539,444,133,103,88,229,4,1,0
52,87,0,651,870,5,-3,0,72,41,0,66,898,98,238,4,1,0
49,80,0,682,532,1,-9,1,69,785,45,68,641,107,230,4,1,0
32,73,0,263,844,5,-7,1,112,38,6,32,213,164,387,4,1,0
55,33,0,731,799,2,-2,1,165,2,220,81,402,165,188,4,1,0
50,74,0,285,213,2,-12,0,68,903,10,298,122,84,162,4,1,0
41,68,0,548,645,4,-7,0,51,518,166,48,220,104,290,4,1,0
55,57,1,629,882,11,-6,0,762,16,0,1000,757,105,111,4,1,0
52,74,1,652,945,7,-4,0,103,45,0,67,346,130,166,4,1,0
32,60,0,211,885,9,-5,0,137,3,102,318,338,79,231,4,1,0
40,65,0,547,886,1,-4,1,89,3,0,383,877,144,141,4,1,0
52,77,0,339,301,1,-10,1,68,335,24,248,263,112,345,4,1,0
36,49,0,698,627,0,-13,1,75,741,891,79,669,125,240,4,1,0
7,71,0,559,903,2,-5,1,146,9,600,50,500,109,171,4,1,0
32,79,0,307,253,4,-11,0,68,227,127,168,201,122,267,4,1,0
40,57,0,608,972,11,-4,0,114,4,0,324,953,105,131,4,1,0
55,17,1,453,477,6,-12,0,171,600,0,628,585,73,38,1,1,0
41,62,0,353,265,9,-13,0,62,852,206,83,231,105,130,4,1,0
30,29,0,333,922,9,-9,1,248,1,177,41,44,150,420,4,1,0
53,32,0,743,690,4,-7,0,444,296,0,194,965,75,198,4,1,0
52,68,0,470,317,10,-10,1,57,883,0,107,361,150,236,4,1,0
52,50,0,771,518,7,-8,1,96,187,0,105,280,132,207,4,1,0
30,64,0,276,552,9,-11,1,67,165,271,238,386,173,233,3,1,0
47,48,0,718,447,5,-15,1,85,611,854,99,225,100,538,4,1,0
27,56,0,710,825,6,-7,0,91,44,324,59,866,82,319,4,1,0
53,61,0,546,345,3,-11,1,61,635,12,190,333,144,266,4,1,0
52,48,0,866,535,0,-8,0,67,566,705,115,389,128,132,4,1,0
43,65,0,849,578,8,-13,1,124,420,829,53,306,136,298,4,1,0
32,65,0,327,582,0,-9,1,58,49,1,91,347,151,268,3,1,0
52,46,0,710,403,3,-11,1,184,913,33,132,571,160,90,4,1,0
32,62,0,255,645,11,-7,0,79,99,146,202,227,78,285,4,1,0
52,51,0,509,621,5,-7,1,179,699,26,215,72,126,215,3,1,0
55,96,1,797,653,9,-5,0,107,111,0,335,215,143,148,4,1,0
40,77,0,665,587,2,-5,1,71,29,0,204,321,112,175,4,1,0
53,46,1,619,901,2,-5,1,399,14,5,749,655,200,118,4,1,0
54,54,1,811,779,7,-5,1,312,74,3,98,611,155,140,4,1,0
40,70,0,226,879,11,-5,0,85,1,0,338,675,189,193,4,1,0
40,76,1,365,872,11,-5,0,386,35,0,107,419,169,202,4,1,0
18,74,0,552,921,2,-7,1,73,1,794,120,925,147,208,4,1,0
29,79,1,632,755,4,-8,0,552,97,0,543,390,95,212,4,1,0
41,60,0,710,417,7,-11,0,64,100,748,100,75,96,263,4,1,0
51,67,0,571,941,0,-4,0,81,1,26,37,376,165,256,4,1,0
52,71,1,627,459,0,-4,1,65,6,0,286,56,150,102,4,1,0
48,95,0,571,531,9,-7,1,207,676,0,470,565,160,185,3,1,0
52,73,0,355,219,1,-13,1,109,881,4,95,188,155,278,3,1,0
41,69,0,742,483,5,-10,1,58,273,591,88,646,112,328,4,1,0
55,36,0,628,833,9,-9,1,103,7,2,128,197,137,246,4,1,0
41,92,0,828,636,10,-6,0,264,52,0,266,673,88,211,4,1,0
52,71,0,638,532,1,-8,1,68,404,87,79,195,84,195,4,1,0
41,61,0,625,363,1,-11,0,63,704,838,74,52,77,280,4,1,0
30,30,0,302,268,0,-15,1,68,4,253,929,82,164,46,1,1,0
52,80,0,578,628,1,-7,1,238,400,0,417,335,168,180,4,1,0
54,46,1,779,967,1,0,1,715,69,4,30,611,200,107,3,1,0
52,69,0,639,0,9,-15,1,94,909,5,97,381,152,170,4,1,0
24,80,0,331,468,9,-9,0,60,0,5,76,308,117,270,3,1,0
41,54,0,712,761,0,-7,1,153,258,42,77,705,126,267,4,1,0
52,48,0,589,592,1,-10,0,185,269,0,134,172,180,182,4,1,0
52,74,0,590,172,10,-10,1,61,968,9,129,80,133,240,4,1,0
52,69,0,629,742,11,-7,1,81,47,306,77,499,131,185,4,1,0
55,94,1,898,608,0,-8,1,91,655,253,79,819,120,134,4,1,0
40,61,0,622,312,9,-14,1,89,363,0,262,265,104,135,4,1,0
41,77,0,557,598,11,-8,0,75,783,784,76,205,153,318,4,1,0
50,77,1,703,576,1,-10,1,248,629,243,86,207,169,174,4,1,0
40,57,0,652,842,11,-5,0,60,3,0,86,940,111,144,4,1,0
36,73,0,525,753,2,-6,0,66,3,64,150,142,83,280,4,1,0
52,68,0,395,422,4,-12,1,63,944,20,93,230,129,242,3,1,0
29,63,0,233,698,9,-12,1,112,1,7,98,307,113,209,3,1,0
52,87,1,858,614,10,-5,0,391,8,105,168,427,143,196,4,1,0
52,61,1,918,476,11,-8,0,297,14,0,48,412,151,167,4,1,0
52,62,1,689,768,6,-6,1,132,163,328,415,663,156,157,4,1,0
51,71,0,683,891,0,-5,0,79,4,4,116,782,132,277,4,1,0
47,92,1,671,732,4,-4,1,55,12,7,168,808,117,216,4,0,1
41,39,0,852,673,5,-8,1,152,123,66,209,916,121,166,4,0,1
51,56,0,760,453,11,-7,1,58,535,0,103,463,105,206,4,0,1
47,23,0,500,516,8,-6,1,84,248,2,118,279,133,159,4,0,1
54,49,0,767,955,11,-8,0,143,8,805,85,594,160,272,4,0,1
53,93,1,586,537,5,-7,1,256,143,0,99,403,143,202,4,0,1
54,37,0,808,562,7,-10,1,271,432,151,100,356,125,282,4,0,1
52,65,0,672,418,6,-10,0,626,645,0,135,550,129,158,4,0,1
55,23,0,779,414,1,-12,1,84,43,159,110,487,135,271,4,0,1
49,65,0,694,646,7,-10,1,67,293,900,91,58,118,391,4,0,1
49,52,0,807,435,11,-7,1,171,64,0,59,479,85,193,4,0,1
8,80,0,423,412,4,-12,1,434,546,0,63,659,180,148,4,0,1
46,73,0,768,608,1,-11,1,146,621,302,107,258,111,247,4,0,1
48,60,0,982,460,0,-12,0,173,88,2,124,559,130,182,4,0,1
50,62,0,840,573,5,-7,0,62,533,14,143,912,84,139,4,0,1
52,48,0,0,428,6,-9,1,0,69,911,199,0,0,115,0,0,1
49,43,0,699,587,11,-10,0,83,191,30,104,678,155,211,4,0,1
43,62,1,671,653,9,-7,0,98,206,4,262,953,92,63,4,0,1
53,43,0,606,881,9,-6,0,126,129,1,187,414,144,343,4,0,1
49,30,0,812,727,4,-6,0,75,252,0,105,435,95,166,4,0,1
53,39,0,700,992,6,-6,1,129,5,815,210,338,145,397,4,0,1
54,37,0,647,661,8,-7,1,56,134,30,233,646,110,192,4,0,1
53,15,0,775,236,7,-12,0,207,951,822,97,445,82,130,4,0,1
53,49,0,899,336,3,-10,1,175,135,717,85,291,120,243,4,0,1
52,13,0,726,325,7,-13,0,86,705,874,109,282,95,166,4,0,1
17,81,0,662,673,7,-6,1,75,165,0,989,721,106,197,4,0,1
43,71,0,881,465,6,-7,0,65,202,0,72,983,95,243,4,0,1
51,79,1,903,636,7,-7,1,131,602,686,104,689,158,134,4,0,1
54,50,0,666,932,7,-7,1,89,0,1000,167,901,150,233,4,0,1
52,57,0,631,322,0,-10,1,158,705,267,80,282,119,144,4,0,1
14,85,0,434,134,7,-22,0,62,896,0,107,435,159,199,4,0,1
3,63,0,495,37,0,-16,1,68,977,3,135,259,114,295,4,0,1
41,51,0,835,447,4,-9,1,73,4,2,29,653,86,162,4,0,1
50,50,0,796,313,2,-14,1,488,989,863,240,850,81,76,4,0,1
46,46,0,706,253,7,-13,0,57,109,914,101,782,177,615,4,0,1
54,32,0,843,292,6,-10,0,173,130,0,272,915,141,136,4,0,1
49,46,0,917,220,3,-19,0,322,981,963,110,494,82,88,4,0,1
52,32,0,804,390,8,-11,0,131,69,943,97,783,82,102,4,0,1
53,43,0,671,671,0,-6,1,60,163,0,138,570,118,199,4,0,1
52,55,0,659,557,2,-7,1,163,118,0,70,846,79,168,4,0,1
48,55,0,931,533,11,-8,1,141,53,849,98,389,92,152,4,0,1
8,75,0,788,427,4,-13,0,66,507,0,76,992,106,164,4,0,1
42,62,0,713,629,1,-7,0,65,294,6,116,759,106,322,4,0,1
54,45,0,725,988,2,-8,1,88,4,564,41,596,150,183,4,0,1
44,67,0,785,460,4,-6,0,384,155,0,960,907,96,134,4,0,1
52,30,0,671,662,11,-12,0,90,349,937,98,40,120,248,4,0,1
51,40,0,849,116,10,-19,0,893,973,768,97,689,168,103,4,0,1
39,65,1,758,448,3,-6,0,184,263,0,97,528,98,246,4,0,1
0,71,0,476,236,8,-13,0,78,547,1,48,615,174,324,5,0,1
53,33,0,889,794,5,-7,0,85,41,576,105,649,138,239,4,0,1
55,36,0,495,970,8,-4,0,211,0,85,442,636,152,257,4,0,1
54,52,0,559,748,8,-7,0,189,39,0,229,577,168,177,4,0,1
54,38,0,792,977,7,-4,1,102,0,938,55,990,151,231,4,0,1
49,87,1,848,446,11,-11,1,77,260,88,98,374,112,299,4,0,1
3,77,0,700,236,7,-14,1,101,459,0,41,379,119,147,4,0,1
7,55,0,692,543,9,-11,1,56,712,43,114,638,125,155,4,0,1
53,51,0,860,51,4,-14,0,374,695,997,173,628,80,63,4,0,1
44,46,0,786,572,3,-10,1,193,296,864,149,543,85,113,4,0,1
53,33,0,811,410,0,-10,0,144,755,11,83,736,84,154,4,0,1
53,39,0,658,499,8,-8,0,166,443,1,246,674,76,165,4,0,1
50,63,0,767,450,9,-13,0,70,804,0,264,869,120,109,4,0,1
46,61,0,808,466,11,-9,1,155,225,591,155,150,91,168,4,0,1
49,58,0,818,346,7,-6,0,162,29,612,25,605,172,157,4,0,1
49,50,0,703,698,7,-10,1,84,23,412,103,449,92,115,4,0,1
55,35,0,538,961,7,-4,1,68,4,811,58,868,150,321,4,0,1
47,54,0,836,775,11,-7,0,177,155,69,88,433,80,247,4,0,1
14,90,0,601,673,5,-7,1,341,468,0,79,841,170,143,4,0,1
54,15,0,684,364,1,-9,1,73,2,867,65,690,123,394,4,0,1
54,19,0,608,451,1,-7,1,73,133,0,302,751,186,200,4,0,1
11,60,0,868,49,11,-19,1,81,710,221,59,499,96,143,4,0,1
45,89,1,957,591,8,-5,1,438,28,1,168,511,123,234,4,0,1
54,37,0,659,898,11,-9,0,89,8,915,80,939,135,174,4,0,1
54,39,0,759,834,2,-7,0,116,12,692,97,464,125,355,4,0,1
55,73,0,664,838,7,-6,0,66,37,691,146,588,145,175,4,0,1
54,17,0,671,571,6,-7,0,70,37,942,52,559,129,333,4,0,1
54,32,0,610,687,9,-8,1,70,3,394,67,231,132,360,4,0,1
10,89,0,552,396,4,-11,0,236,463,0,107,530,78,125,4,0,1
46,75,1,538,618,4,-9,0,368,100,0,143,512,71,214,4,0,1
51,33,1,777,542,7,-7,0,219,433,0,92,730,79,194,4,0,1
54,49,0,803,762,9,-7,0,83,180,81,32,947,108,206,4,0,1
54,62,0,805,694,5,-10,0,90,7,288,84,811,133,235,4,0,1
52,82,1,473,615,8,-5,1,246,599,10,109,792,75,184,4,0,1
55,55,1,629,882,11,-6,0,762,16,0,1000,757,105,111,4,0,1
47,98,0,470,349,9,-10,1,88,982,282,737,103,174,208,3,0,1
41,56,0,710,819,0,-6,1,87,27,17,405,716,122,188,4,0,1
54,30,0,661,995,4,-7,0,155,0,434,78,517,145,299,4,0,1
41,68,0,1000,771,2,-8,0,82,55,815,100,979,122,202,4,0,1
54,54,0,699,939,2,-7,0,75,1,949,62,900,143,138,4,0,1
36,73,0,346,903,4,-5,1,96,0,0,52,266,163,229,4,0,1
50,68,1,706,205,1,-10,0,393,194,0,92,105,174,212,4,0,1
7,82,0,269,317,4,-13,1,69,746,0,271,560,207,162,4,0,1
54,49,0,686,964,2,-7,1,77,0,193,365,657,145,168,4,0,1
49,71,0,538,226,5,-9,0,71,926,0,107,361,74,221,4,0,1
48,42,0,577,230,7,-20,1,72,873,915,100,41,80,168,4,0,1
51,88,0,738,200,6,-14,0,193,915,682,94,250,120,245,4,0,1
54,15,0,464,976,11,-6,0,177,1,367,255,403,75,275,4,0,1
54,31,0,672,970,2,-5,1,213,0,348,81,321,144,361,4,0,1
22,43,0,726,916,11,-6,0,122,228,1,32,787,111,260,4,0,1
50,74,0,714,269,11,-10,1,94,754,0,84,167,64,191,4,0,1
52,87,0,742,160,9,-9,0,81,880,0,60,331,73,156,4,0,1
50,45,0,648,883,2,-6,1,64,0,914,65,801,115,254,4,0,1
25,68,0,863,317,0,-16,1,80,141,1,570,808,120,254,4,0,1
51,74,0,588,55,2,-15,1,78,926,0,101,212,102,219,4,0,1
51,77,0,984,283,8,-11,0,686,355,0,93,579,100,180,4,0,1
45,85,1,411,208,11,-11,0,114,965,0,94,508,177,269,3,0,1
6,75,0,587,416,4,-14,0,141,558,0,384,683,113,187,3,0,1
51,83,0,659,306,11,-8,1,56,779,0,91,400,75,198,4,0,1
54,51,0,743,950,5,-6,0,101,2,255,31,830,146,186,4,0,1
52,58,0,771,470,0,-8,0,83,164,0,112,578,110,203,4,0,1
47,94,0,586,868,5,-5,0,77,0,6,82,588,105,214,4,0,1
52,83,1,788,472,6,-7,1,137,297,0,79,548,136,202,4,0,1
48,39,0,546,50,5,-25,1,86,1000,971,98,166,120,113,4,0,1
50,60,0,741,300,8,-12,0,72,756,0,132,472,99,194,4,0,1
51,86,0,441,103,0,-18,1,74,966,5,98,123,137,292,4,0,1
41,64,0,591,419,1,-8,1,55,560,0,228,316,96,274,4,0,1
4,62,0,557,172,9,-16,0,76,966,3,110,450,128,140,4,0,1
39,76,0,655,874,10,-7,0,314,32,84,778,890,192,230,4,0,1
51,57,0,611,45,5,-16,1,141,946,0,100,357,108,208,4,0,1
54,0,0,687,691,2,-10,0,187,414,2,95,501,125,284,4,0,1
54,43,0,735,977,6,-6,1,102,0,960,94,746,148,242,4,0,1
55,37,0,790,920,9,-8,0,102,5,695,64,885,130,326,4,0,1
49,54,0,702,630,6,-7,0,55,226,0,136,917,129,223,4,0,1
46,80,0,724,565,6,-7,1,205,169,0,335,424,100,193,4,0,1
55,45,0,709,934,10,-6,0,127,0,845,5,807,151,306,4,0,1
53,42,0,762,950,7,-8,1,217,3,89,99,812,144,308,4,0,1
54,50,0,560,745,8,-7,0,186,39,0,223,568,168,177,4,0,1
52,64,0,736,604,6,-5,1,632,696,0,141,522,80,156,4,0,1
51,81,0,767,446,11,-7,0,56,379,0,200,408,96,213,4,0,1
49,71,0,615,204,10,-11,0,248,933,0,87,390,76,172,4,0,1
54,90,1,972,607,5,-4,0,104,19,0,92,841,118,212,4,0,1
50,68,1,629,520,4,-7,1,207,657,0,162,277,72,225,4,0,1
38,31,0,678,971,7,-9,1,152,0,932,449,164,125,354,4,0,1
54,51,0,725,598,5,-8,1,70,56,0,273,616,116,196,4,0,1
52,46,0,820,749,1,-7,1,324,131,687,297,585,120,181,4,0,1
50,61,1,844,462,6,-9,0,703,185,0,384,373,80,152,4,0,1
44,87,1,799,492,3,-9,1,178,59,1,159,381,94,302,4,0,1
41,48,0,733,868,10,-3,0,279,57,0,140,751,100,213,4,0,1
30,56,0,716,929,3,-8,0,97,19,394,382,850,128,229,4,0,1
51,77,0,486,456,1,-10,1,250,878,0,98,621,76,209,4,0,1
48,57,0,697,660,8,-11,0,87,868,864,65,433,108,103,4,0,1
49,63,0,696,362,0,-10,1,91,242,8,80,130,123,271,4,0,1
52,49,0,651,850,4,-7,0,107,12,773,467,701,124,146,4,0,1
48,90,0,525,66,0,-16,1,84,781,0,326,210,109,249,4,0,1
52,57,0,683,467,8,-10,0,564,667,0,441,383,76,135,4,0,1
55,1,0,944,883,7,-5,0,76,6,1,60,1000,120,289,4,0,1
50,42,0,917,944,6,-8,0,130,5,839,63,783,129,305,4,0,1
50,23,0,678,928,11,-5,0,190,2,400,146,182,126,194,4,0,1
49,64,0,826,455,0,-9,1,92,3,33,679,264,130,198,4,0,1
41,46,0,734,611,1,-5,1,153,38,0,127,890,96,184,4,0,1
52,65,0,770,701,11,-10,1,148,9,790,49,522,124,229,4,0,1
55,94,1,853,666,11,-5,0,448,7,0,110,321,162,268,4,0,1
48,83,0,763,549,1,-8,0,260,630,0,182,362,100,218,4,0,1
50,46,0,731,333,5,-15,1,399,905,0,31,592,78,163,4,0,1
54,37,0,643,533,8,-13,1,304,88,590,118,468,145,113,4,0,1
54,74,1,715,757,1,-6,1,63,1,9,417,255,125,259,4,0,1
45,92,0,524,701,3,-3,1,66,193,0,291,431,90,178,4,0,1
41,56,0,732,684,6,-8,0,64,57,17,122,626,122,270,4,0,1
49,93,0,633,817,0,-5,1,85,7,139,144,296,168,187,4,0,1
54,24,0,702,944,0,-6,1,103,6,36,79,508,150,170,4,0,1
47,50,0,773,794,6,-4,0,78,3,4,86,755,122,163,4,0,1
49,52,0,803,946,3,-6,0,70,5,53,307,730,130,194,4,0,1
41,35,0,783,551,5,-7,1,50,374,0,98,989,94,249,4,0,1
53,35,0,748,883,5,-9,1,94,39,911,106,351,148,363,4,0,1
53,46,0,790,567,11,-11,1,150,23,212,101,363,150,245,4,0,1
54,46,0,676,945,2,-7,1,97,178,805,141,293,140,182,4,0,1
51,54,0,738,558,11,-7,1,90,248,0,327,508,98,183,4,0,1
52,46,0,615,962,0,-3,0,67,2,532,745,288,123,158,4,0,1
7,63,0,578,292,7,-21,1,65,842,862,70,898,145,177,4,0,1
54,61,0,637,996,2,-7,1,79,4,808,66,988,145,139,4,0,1
54,54,0,724,726,7,-7,1,104,1,87,75,754,147,200,4,0,1
15,87,0,571,660,9,-9,1,96,9,1,21,495,152,270,4,0,1
30,73,1,852,694,11,-5,0,519,127,0,252,248,95,225,4,0,1
52,56,0,824,797,5,-5,1,318,130,17,287,615,123,190,4,0,1
38,68,0,789,830,5,-5,0,103,1,0,123,688,124,207,4,0,1
53,57,0,767,969,5,-4,0,112,1,77,180,694,122,149,4,0,1
41,37,0,559,219,3,-12,1,63,889,0,111,270,132,259,4,0,1
54,68,0,767,877,1,-6,0,196,4,10,43,888,125,187,4,0,1
49,45,0,681,919,4,-4,0,109,1,642,37,792,121,196,4,0,1
53,32,0,757,966,9,-4,1,163,34,612,254,200,125,142,4,0,1
46,86,0,927,568,11,-9,1,73,433,0,58,749,114,314,4,0,1
51,39,0,775,964,2,-4,1,343,99,97,290,938,123,172,4,0,1
53,61,1,623,911,6,-2,0,494,664,0,477,923,80,174,4,0,1
52,60,0,810,901,11,-5,1,81,2,640,24,784,124,180,4,0,1
47,71,1,714,506,0,-6,1,273,122,0,97,186,95,230,4,0,1
41,44,0,701,908,6,-5,0,124,29,5,98,580,124,235,4,0,1
50,49,0,955,231,8,-15,1,297,506,0,79,251,138,214,4,0,1
8,87,0,805,347,2,-11,1,61,693,0,64,547,104,164,4,0,1
52,58,0,842,934,4,-5,0,62,15,198,324,759,124,194,4,0,1
41,36,0,703,414,7,-8,1,81,535,0,306,699,122,195,4,0,1
52,43,0,737,920,6,-7,0,108,2,676,91,833,127,196,4,0,1
41,36,0,318,734,7,-6,1,76,15,0,293,397,97,215,4,0,1
54,52,0,720,738,6,-9,0,94,33,1,95,168,136,204,4,0,1
50,24,1,481,672,3,-7,1,141,453,1,217,365,176,90,4,0,1
36,81,1,695,685,10,-9,0,331,26,0,50,540,168,341,4,0,1
52,45,0,732,825,1,-6,1,67,34,481,312,345,125,201,4,0,1
44,93,0,768,701,5,-6,0,57,147,119,82,993,128,240,4,0,1
52,52,0,769,769,5,-8,0,192,9,766,77,816,124,285,4,0,1
39,90,0,857,696,6,-7,1,343,8,2,707,794,139,223,4,0,1
51,43,1,827,645,9,-9,0,209,284,0,182,61,142,235,4,0,1
48,44,1,609,593,10,-6,0,88,286,0,103,177,80,234,4,0,1
55,96,0,628,945,11,-4,1,87,1,11,66,769,152,143,4,0,0
52,25,0,530,694,11,-6,0,59,3,1,273,916,76,213,4,0,0
47,50,0,588,757,1,-5,1,82,24,0,219,676,90,192,4,0,0
53,70,1,754,675,6,-7,0,498,577,0,284,650,136,179,4,0,0
54,67,1,738,615,7,-7,1,690,28,0,71,414,172,206,4,0,0
55,50,0,595,870,2,-6,1,68,1,40,21,258,144,283,4,0,0
54,49,0,442,798,11,-5,1,130,0,62,344,438,171,169,4,0,0
52,57,1,535,505,5,-7,1,58,44,0,83,136,83,248,4,0,0
45,63,0,678,518,4,-5,0,54,11,0,94,657,97,188,4,0,0
41,82,0,708,775,4,-5,0,59,81,15,476,549,123,267,4,0,0
52,82,0,657,94,7,-14,1,61,871,1,146,113,132,120,4,0,0
48,64,0,605,570,5,-7,0,84,92,0,79,418,80,180,4,0,0
52,58,0,651,656,6,-7,1,105,0,87,60,588,124,238,4,0,0
41,83,0,454,959,9,-4,1,84,1,0,0,376,173,269,4,0,0
45,83,1,494,922,8,-4,1,113,3,0,344,737,155,177,4,0,0
43,65,0,505,824,5,-6,1,85,0,0,423,760,148,212,4,0,0
48,33,0,461,903,8,-6,1,92,0,2,92,584,84,246,4,0,0
46,61,0,588,832,9,-4,1,194,53,0,130,532,128,227,4,0,0
51,88,0,395,640,4,-5,0,114,20,0,176,88,130,220,4,0,0
54,75,1,713,878,0,-5,1,107,5,26,659,108,174,223,4,0,0
49,55,0,525,490,2,-7,0,54,166,0,139,148,75,236,4,0,0
36,92,0,648,937,9,-3,1,88,18,0,168,900,91,269,4,0,0
47,51,0,462,557,4,-6,1,62,11,15,115,120,140,207,4,0,0
32,77,0,538,424,4,-14,1,66,7,1,72,250,81,229,4,0,0
54,39,0,536,407,3,-9,1,64,606,0,94,277,75,184,4,0,0
55,68,1,977,713,1,-4,1,175,74,0,5,825,105,131,4,0,0
54,94,0,766,857,8,-5,0,103,20,0,115,781,128,213,4,0,0
52,51,0,353,903,11,-5,0,326,1,0,198,381,171,208,4,0,0
55,83,1,825,768,1,-7,1,106,193,0,103,810,119,215,4,0,0
54,73,1,592,896,0,-5,1,80,5,3,273,889,97,196,4,0,0
50,71,0,747,435,1,-10,1,57,853,4,93,242,103,219,4,0,0
54,61,0,710,757,7,-6,1,405,274,0,237,649,90,142,4,0,0
54,51,0,602,942,11,-6,0,67,4,838,308,313,150,124,4,0,0
47,56,0,691,786,6,-7,0,58,19,42,89,480,108,261,4,0,0
53,68,0,888,716,2,-8,1,91,4,4,54,335,127,320,4,0,0
36,67,0,756,729,5,-3,0,63,123,0,165,958,98,224,4,0,0
52,35,0,459,634,9,-7,1,56,347,0,126,405,150,276,4,0,0
53,82,0,745,717,3,-8,0,182,430,134,99,545,105,183,4,0,0
55,82,1,574,875,10,-5,1,116,26,1,76,850,174,227,4,0,0
52,90,0,676,519,6,-11,0,93,159,0,70,476,105,226,4,0,0
47,55,0,645,792,10,-4,0,158,19,8,86,775,88,181,4,0,0
53,71,0,716,884,6,-5,0,96,13,463,350,568,132,268,4,0,0
51,79,1,908,601,0,-6,1,293,30,0,92,369,98,229,4,0,0
55,80,0,617,726,0,-5,0,149,29,0,360,366,140,197,4,0,0
53,73,1,697,719,1,-8,0,76,10,409,174,408,134,199,4,0,0
21,94,0,513,466,9,-9,0,53,423,2,250,340,137,227,4,0,0
55,62,0,766,636,9,-7,1,71,150,0,199,586,120,164,4,0,0
53,79,0,718,822,10,-8,1,434,140,2,418,603,134,251,4,0,0
47,92,1,613,550,0,-7,0,100,68,0,129,141,113,242,4,0,0
55,73,0,857,618,10,-10,0,186,141,806,72,80,135,159,4,0,0
43,80,0,575,751,6,-4,0,79,1,0,78,846,139,190,4,0,0
51,52,0,477,944,6,-5,0,136,0,0,114,659,156,147,4,0,0
54,73,0,451,782,6,-6,0,133,121,0,99,340,120,144,4,0,0
53,40,0,232,847,6,-5,0,89,0,45,227,200,174,191,4,0,0
49,68,0,536,933,3,-5,1,469,4,0,258,687,168,272,4,0,0
55,86,0,559,631,6,-6,0,78,224,7,254,502,123,222,4,0,0
55,90,1,808,733,5,-7,0,72,25,0,100,195,120,152,4,0,0
55,63,0,676,843,11,-4,1,65,1,6,93,350,133,183,4,0,0
49,55,0,547,545,11,-5,0,79,2,0,231,203,154,236,4,0,0
51,24,0,711,927,3,-4,0,116,31,0,139,682,117,150,4,0,0
51,56,0,512,886,5,-5,0,80,6,0,972,680,156,154,4,0,0
54,79,0,681,760,8,-8,1,89,110,0,72,551,123,187,4,0,0
55,99,0,762,776,8,-9,0,81,57,349,238,674,120,178,4,0,0
51,77,0,827,712,8,-6,0,422,226,0,122,683,122,167,4,0,0
55,52,0,507,828,3,-4,0,79,1,444,219,775,170,184,4,0,0
54,58,0,350,830,1,-5,0,152,1,4,153,425,182,238,4,0,0
55,88,0,851,574,5,-4,0,92,35,0,115,683,123,209,4,0,0
45,48,0,530,465,2,-6,1,51,489,0,208,230,149,254,4,0,0
55,65,0,878,795,9,-6,0,67,42,0,40,597,128,129,4,0,0
55,55,0,875,782,8,-6,0,72,15,0,21,899,127,157,4,0,0
50,62,1,890,687,4,-5,0,111,188,1,81,79,101,256,4,0,0
55,75,0,890,907,0,-5,1,126,29,0,196,847,126,150,4,0,0
53,54,0,773,574,6,-7,1,64,387,0,547,553,116,199,4,0,0
55,65,0,651,740,0,-6,1,281,119,0,409,583,135,169,3,0,0
55,90,0,826,935,9,-6,1,583,23,0,342,868,151,145,4,0,0
49,38,1,661,784,8,-5,1,758,146,0,223,237,81,235,4,0,0
52,93,0,798,510,11,-7,1,183,446,0,77,546,81,239,4,0,0
54,67,0,779,804,8,-8,0,415,534,656,89,352,75,155,4,0,0
53,57,1,915,570,6,-6,0,636,49,0,107,780,160,160,4,0,0
53,54,0,997,504,6,-5,0,117,406,0,140,939,110,161,4,0,0
54,64,0,433,873,11,-5,1,110,1,0,434,351,164,215,4,0,0
54,74,0,594,825,9,-6,0,68,9,11,605,75,126,236,4,0,0
54,52,0,744,725,5,-6,0,221,359,0,144,430,160,147,4,0,0
32,62,0,791,912,8,-6,1,72,4,0,11,757,125,233,4,0,0
53,7,0,747,864,10,-2,0,147,15,0,713,801,126,148,4,0,0
54,55,0,784,657,6,-6,0,99,61,0,52,560,124,153,4,0,0
54,81,0,840,800,11,-5,1,74,387,1,104,825,107,239,4,0,0
53,88,0,651,776,2,-6,1,85,13,34,244,566,128,199,4,0,0
45,83,0,751,816,5,-3,0,61,57,0,68,636,93,220,4,0,0
47,80,0,412,471,0,-6,1,65,232,0,121,309,152,231,4,0,0
54,83,1,426,484,4,-8,0,97,195,0,178,93,158,307,4,0,0
52,85,0,622,742,5,-6,1,92,11,110,345,668,165,309,4,0,0
53,67,0,904,687,0,-5,1,104,331,5,17,534,140,159,4,0,0
54,79,0,625,657,6,-6,0,57,53,0,214,223,140,176,4,0,0
49,79,0,785,649,5,-6,1,324,163,0,263,190,95,209,4,0,0
46,63,0,755,666,3,-6,0,71,16,0,121,495,110,244,4,0,0
46,80,0,812,572,10,-10,0,53,43,642,59,533,110,338,4,0,0
42,71,1,594,698,8,-5,0,159,550,0,87,773,172,208,4,0,0
40,37,0,613,620,6,-10,0,62,408,0,209,716,87,269,4,0,0
52,45,0,698,934,6,-6,1,65,90,24,105,690,140,223,4,0,0
53,88,1,681,706,5,-5,0,490,101,0,118,192,107,244,4,0,0
53,44,0,414,237,6,-9,1,65,872,0,92,252,187,236,3,0,0
53,89,1,751,601,1,-6,0,101,397,0,64,162,98,222,4,0,0
50,74,1,527,579,5,-6,0,860,18,0,170,354,202,232,4,0,0
49,43,0,596,550,9,-5,0,83,91,0,65,261,133,210,4,0,0
52,79,0,729,608,8,-8,0,101,89,0,100,637,150,195,4,0,0
55,81,1,797,532,11,-13,1,119,29,959,91,116,118,171,4,0,0
54,80,1,615,734,6,-7,0,103,13,1,143,205,145,206,4,0,0
54,86,0,658,508,11,-8,0,183,711,3,231,428,170,173,4,0,0
54,44,0,831,614,9,-9,0,135,193,24,178,884,130,150,4,0,0
51,81,1,762,731,8,-4,1,80,370,1,161,548,93,146,4,0,0
48,27,0,544,734,0,-9,1,76,3,1,365,214,133,220,4,0,0
53,82,0,631,614,2,-5,0,77,13,0,140,637,160,207,4,0,0
52,70,1,733,694,9,-8,0,529,524,22,101,492,196,171,4,0,0
54,88,0,689,912,0,-5,0,101,53,0,98,516,140,147,4,0,0
52,80,1,694,394,0,-7,1,58,216,0,128,480,93,161,4,0,0
49,92,0,908,806,11,-4,0,107,380,0,60,997,122,199,4,0,0
54,67,0,642,796,9,-5,0,144,7,0,476,797,118,217,4,0,0
54,80,0,582,881,1,-4,0,413,65,0,388,432,122,153,4,0,0
51,39,1,735,350,1,-10,1,766,772,0,86,843,90,152,4,0,0
53,50,0,905,878,7,-9,1,96,3,111,59,367,129,160,4,0,0
49,68,0,640,633,6,-8,0,107,126,0,116,134,106,222,4,0,0
43,76,0,827,707,11,-4,0,84,131,0,50,629,126,235,4,0,0
49,76,1,784,742,8,-6,0,1000,144,0,52,678,90,221,4,0,0
54,50,0,711,715,3,-5,0,89,27,0,85,552,107,152,4,0,0
50,65,0,695,564,11,-8,0,103,111,0,111,467,90,193,4,0,0
51,81,0,767,446,11,-7,0,56,379,0,200,408,96,213,4,0,0
47,73,0,653,518,10,-8,1,127,248,7,101,254,85,181,4,0,0
52,48,0,668,576,9,-6,0,68,30,0,99,387,149,157,4,0,0
46,50,0,558,688,3,-7,0,68,300,0,46,473,148,233,4,0,0
54,51,1,681,795,1,-6,1,64,15,1,97,322,123,326,4,0,0
54,48,0,545,829,3,-6,0,164,13,0,82,138,145,139,4,0,0
54,48,0,730,460,9,-6,0,260,391,1,99,384,178,154,4,0,0
9,75,0,423,900,1,-4,1,129,585,308,313,511,116,424,4,0,0
35,67,0,665,667,5,-7,0,59,12,1,118,574,135,241,4,0,0
15,74,0,589,597,3,-7,0,53,27,0,171,527,131,200,4,0,0
52,68,1,416,251,2,-7,1,61,864,0,97,206,113,161,4,0,0
52,81,0,781,437,3,-3,0,76,44,0,56,442,139,206,4,0,0
53,83,0,461,295,8,-9,1,103,904,0,136,276,170,233,3,0,0
51,83,1,653,683,2,-5,1,98,333,0,151,582,80,240,4,0,0
26,86,0,545,641,5,-7,1,53,344,0,275,743,81,259,4,0,0
43,69,0,679,941,10,-3,0,170,21,0,38,751,129,231,4,0,0
25,86,0,695,273,9,-18,1,57,690,9,72,369,112,289,4,0,0
54,95,1,785,721,6,-3,0,62,265,0,103,840,111,132,1,0,0
52,57,0,839,827,0,-5,1,516,88,0,355,757,107,150,4,0,0
53,75,0,632,682,5,-6,1,72,25,0,670,594,147,172,4,0,0
55,79,0,740,939,11,-5,0,326,175,0,242,493,160,160,4,0,0
53,61,0,627,777,5,-4,0,76,175,0,50,407,126,148,4,0,0
54,54,0,747,694,1,-7,1,65,125,0,81,467,125,155,4,0,0
53,42,0,911,373,7,-9,0,277,183,0,150,716,105,157,4,0,0
48,51,0,527,885,0,-5,1,75,3,48,55,606,173,229,4,0,0
52,82,1,767,668,2,-5,1,172,88,0,101,202,101,211,4,0,0
54,57,0,735,753,8,-10,1,207,711,143,100,435,143,161,4,0,0
46,100,0,486,398,0,-9,0,50,138,23,84,493,68,184,4,0,0
52,56,1,929,593,6,-4,1,211,1,17,59,665,122,167,4,0,0
48,58,0,376,704,5,-5,1,71,335,0,357,280,62,195,4,0,0
52,52,0,631,818,3,-6,1,79,1,769,237,849,77,203,4,0,0
52,87,0,324,880,9,-4,1,157,68,1,69,321,159,195,4,0,0
49,40,0,745,921,1,-3,0,215,132,45,292,604,126,159,4,0,0
51,45,1,827,498,7,-8,1,599,141,0,155,297,180,171,4,0,0
52,64,0,688,634,5,-5,0,77,511,0,184,688,75,162,4,0,0
51,64,1,636,610,9,-5,0,147,19,0,400,552,146,232,4,0,0
51,58,1,746,888,2,-6,1,465,58,0,128,821,170,226,4,0,0
43,36,0,255,790,3,-7,1,88,33,0,344,293,100,236,3,0,0
53,77,0,636,760,5,-6,0,92,120,0,114,681,124,149,3,0,0
52,68,0,565,706,11,-7,0,115,27,0,702,503,124,166,4,0,0
23,74,0,456,745,8,-7,1,82,10,0,68,368,81,238,4,0,0
54,61,0,747,688,4,-7,0,70,30,0,518,656,125,144,4,0,0
52,49,0,718,512,7,-9,1,77,95,3,188,692,145,194,4,0,0
48,37,0,653,477,5,-8,0,66,64,0,92,611,81,224,4,0,0
49,76,0,717,607,10,-7,1,75,73,0,114,292,125,217,4,0,0
52,81,0,658,628,8,-5,1,84,2,0,394,507,108,186,4,0,0
33,77,0,695,834,0,-6,0,55,203,0,61,774,113,255,4,0,0
43,45,0,437,610,3,-5,1,58,13,0,708,230,154,274,4,0,0
44,64,0,729,812,1,-5,1,128,13,101,39,899,105,210,4,0,0
48,50,0,718,428,7,-9,1,53,428,0,99,215,102,205,4,0,0
48,79,1,516,252,6,-13,0,581,697,0,88,185,93,251,4,0,0
46,93,0,574,517,5,-8,1,63,189,0,228,417,85,272,4,0,0
54,52,1,681,806,9,-5,0,68,8,2,130,782,113,191,4,0,0
48,67,0,445,530,9,-7,0,57,57,0,105,142,90,212,4,0,0
52,82,1,473,615,8,-5,1,246,599,10,109,792,75,184,4,0,0
47,86,0,292,734,4,-6,0,174,0,0,682,337,190,231,4,0,0
15,87,0,571,660,9,-9,1,96,9,1,21,495,152,270,4,0,0
31,51,0,478,350,0,-15,1,78,626,1,130,191,99,274,4,0,0
55,83,0,410,314,0,-10,1,148,395,0,89,119,174,194,3,0,0
53,56,1,952,505,0,-8,0,152,46,0,98,833,134,174,4,0,0
49,93,1,761,762,6,-5,1,238,30,10,92,754,98,234,4,0,0
55,60,1,697,719,1,-8,0,76,10,409,174,408,134,199,4,0,0
51,36,0,623,512,10,-7,1,60,142,0,321,233,139,241,4,0,0
53,62,1,821,743,5,-6,1,151,432,0,257,905,98,141,4,0,0
33,96,0,330,706,11,-8,0,70,1,0,80,511,156,290,3,0,0
54,70,0,833,621,8,-8,0,118,32,0,95,752,124,121,4,0,0
50,70,0,847,651,0,-6,0,77,36,0,133,827,108,236,4,0,0
54,92,0,532,412,2,-9,0,65,842,0,79,333,130,213,4,0,0
53,75,0,830,487,1,-8,1,121,37,1,82,392,100,185,4,0,0
54,81,0,615,922,11,-5,0,89,32,18,244,524,140,179,4,0,0
54,88,0,665,819,2,-3,0,91,92,74,110,382,138,178,4,0,0
49,62,0,699,769,8,-5,0,54,2,0,128,534,128,215,4,0,0
53,50,0,871,459,11,-8,0,191,138,0,184,544,105,143,4,0,0
51,92,0,729,756,0,-3,1,77,192,3,70,567,120,215,4,0,0
